Metric,Value
Loss,0.16545821726322174
MAE,0.33115899562835693
