Metric,Value
Loss,0.0013442037161439657
MAE,0.024091925472021103
