Metric,Value
Loss,0.0015457698609679937
MAE,0.030951691791415215
