Model,Training Time (s)
NN,4.6628899574279785
LSTM,11.38637375831604
